BOOTSTRAP_ADDRESS;"iiop"
CELL_DISCOVERY_ADDRESS;"jxta"
CSIV2_SSL_MUTUALAUTH_LISTENER_ADDRESS;"https"
CSIV2_SSL_SERVERAUTH_LISTENER_ADDRESS;"https"
JDBC;"jdbc"
DCS_UNICAST_ADDRESS;"iiop"
NODE_DISCOVERY_ADDRESS;"jxta"
NODE_MULTICAST_DISCOVERY_ADDRESS;"jxta"
NODE_IPV6_MULTICAST_DISCOVERY_ADDRESS;"jxta"
ORB_LISTENER_ADDRESS;"iiop"
OVERLAY_UDP_LISTENER_ADDRESS;"http"
OVERLAY_TCP_LISTENER_ADDRESS;"http"
SIP_DEFAULTHOST;"http"
SIP_DEFAULTHOST_SECURE;"https"
SIB_ENDPOINT_SECURE_ADDRESS;"https"
SIB_MQ_ENDPOINT_ADDRESS;"soap"
SIB_MQ_ENDPOINT_SECURE_ADDRESS;"https"
SAS_SSL_SERVERAUTH_LISTENER_ADDRESS;"https"
SOAP_CONNECTOR_ADDRESS;"soap"
WC_adminhost;"http"
WC_adminhost_secure;"https"
WC_defaulthost;"http"
WC_defaulthost_secure;"https"
WEBSERVER_ADDRESS;"http"
WEBSERVER_ADMIN_ADDRESS;"http"
XDAGENT_PORT;"http"